Dates,USDPKR,Debt,Money supply,Trade balancee,Interest rate,CPI change,BOP,Exchange Rate per day (USDPKR),,,,,,,,,,,,,,,,,,,,,,,,,,,,,,,tradebalance(usd in millions),Credit (million USD),Debit(million USD),BOP(million USD),,  Debt in Million US Dollars  
1/1/2005,59.32,2145248,2730074,-26219.44,0.08,0.09,71955.16,160.17,160.47,160.61,160.46,160.31,160.31,160.31,160.3,160.64,160.53,160.44,160.15,160.09,160.11,160.18,160.41,160.54,160.34,160.19,160.14,160.15,160.48,160.41,160.32,160.25,160.03,160.04,160.05,160.34,160.19,159.63,,,,,,"113,331"
2/1/2005,59.35,2146153,2758085,-79878.37,0.08,0.1,71985.49,159.46,159.39,159.44,159.34,159.18,159.32,160.04,160.99,160.58,160.75,160.76,158.86,158.88,158.2,158.15,158.3,158.34,158.38,158.33,158.53,158.98,159.09,159.11,159.16,159.15,159.59,159.6,159.85,160.11,160.47,0,"-1,949",5467,5020,447,,"113,331"
3/1/2005,59.39,2147780,2812176,-88847.44,0.08,0.1,72040.07,160.45,160.45,160.65,160.57,160.75,161.12,161.43,161.78,161.78,161.8,162.3,162.31,162.47,162.58,162.75,162.75,162.95,163.81,163.89,163.84,163.8,163.81,163.76,163.99,164.22,164.3,164.66,164.53,164.96,164.94,165.07,"-1,792",5068,4653,415,,"113,331"
4/1/2005,59.48,2106365,2830772,-765567.08,0.09,0.11,-9695.24,165.65,165.95,166.03,165.7,165.65,165.65,165.92,166.19,166.2,166.09,166.06,166.51,166.51,166.27,166.21,166.38,166.13,166.11,166,166,166.39,166.29,166.32,165.65,165.74,165.95,165.95,166.05,165.44,165.38,0,"-1,950",5016,4957,59,,"113,803"
5/1/2005,59.56,2109021,2864430,-94871.12,0.09,0.1,-9707.47,165.48,167.43,167.29,167.29,167.45,168.56,168.49,168.56,168.53,168.58,168.58,168.7,168.45,168.05,167.92,168.07,168.83,168.08,168.17,168.42,168.55,168.41,168.7,168.88,167.9,168.67,168.19,167.6,167.01,167.5,167.63,"-1,829",4279,4068,211,,"113,803"
6/1/2005,59.7,2114156,2966352,-76535.4,0.09,0.09,-9731.1,167.63,167.07,166.92,166.44,166.82,167.84,167.44,167.44,167.96,167.95,167.59,167.61,167.48,167.38,167.38,167.04,166.88,166.97,167.02,166.21,166.13,166.45,167.12,167.09,167.07,166.31,167.16,167.57,167.57,167.93,167.89,"-2,018",5652,5144,508,,"113,803"
7/1/2005,59.66,2104328,2950863,-75171.6,0.09,0.09,-1045910,167.86,168.15,167.52,167.54,167.54,167.92,167.9,167.18,166.67,167.02,166.86,166.86,166.32,165.54,165.04,164.83,164.87,164.49,164.49,164.55,164.49,163.91,163.33,163.35,163.47,163.47,163.55,164.99,165.5,163.05,,"-9,538",4804,4904,-100,,"112,858"
8/1/2005,59.64,2103622,2936925,-71448.72,0.09,0.08,-2509562,162.87,160.96,160.96,161.13,160.89,161.16,161.23,160.49,160.6,160.6,160.54,160.5,160.52,160.48,160.05,160,160,160.36,160.67,160.27,159.93,159.75,159.65,159.65,160.3,159.26,159.59,158.47,159.8,160.38,160.38,"-2,201",3813,3469,344,,"112,858"
9/1/2005,59.7,2105738,2955983,-61670.1,0.09,0.09,-1076502,160.45,161.55,161.16,160.95,161.01,161,161,159.97,160.41,161.36,163.59,163.59,166.64,166.64,167.32,166.89,166.7,166.47,166.47,166.5,166.5,167.54,167.61,167.43,167.05,167.07,166.53,166.53,166.58,166.42,,"-1,553",3782,4312,-530,,"112,858"
10/1/2005,59.72,2082680,2984369,-83660.72,0.09,0.08,-1814480,166.4,166.02,163.75,161.46,161.46,162.72,159.59,158.83,157.84,159.12,158.73,158.93,159.02,159.03,159.13,158.74,157.52,156.76,156.76,159,159.35,157.08,157.14,154.45,154.29,154.29,154.24,154.28,154.2,154.35,154.29,"-1,908",4478,4421,57,,"109,925"
11/1/2005,59.71,2082506,3050128,-65203.32,0.09,0.08,-2744850,154.29,154.29,154.26,154.23,154.25,154.26,154.36,154.3,154.3,154.32,154.2,154.34,154.4,154.33,154.35,154.35,154.36,154.42,154.51,154.62,154.52,154.56,154.56,154.47,154.4,154.49,154.47,154.45,154.45,,,"-1,609",4539,4736,-197,,"109,925"
12/1/2005,59.77,2084598,3201870,-72680.32,0.09,0.09,575865,154.45,154.52,154.42,154.5,154.52,154.62,154.63,154.63,154.68,154.57,154.62,154.68,154.6,154.59,154.59,154.67,154.76,154.87,154.86,154.59,154.52,154.88,154.7,154.9,155.01,155.08,154.89,154.89,154.89,154.84,155.66,"-1,975",4654,5166,-512,,"109,925"
1/1/2006,59.86,2170344,3177955,-60937.48,0.09,0.09,-1477728,154.88,154.89,154.87,154.85,154.85,154.77,154.76,154.81,154.93,154.53,154.87,154.87,154.54,154.9,155.03,155.04,154.99,154.95,154.95,154.98,155.04,155,155.06,154.91,154.78,154.78,155.04,155.14,155.2,155.27,155.02,"-2,051",5033,5320,-287,,"110,719"
2/1/2006,59.88,2171069,3223817,-64730.28,0.09,0.08,-946656,154.93,155.37,155.26,155.3,155.4,155.79,155.39,155.5,155.5,155.3,155.88,155.87,155.87,155.13,155.49,155.49,155.9,155.79,155.93,155.9,156.1,156,156,156.04,156.16,156.11,155.63,154.96,154.96,154.96,,"-1,887",4547,4873,-326,,"110,719"
3/1/2006,60.12,2179771,3244501,-59158.08,0.09,0.07,-1764832,155.5,155.6,155.68,155.85,156.19,155.8,155.79,155.97,156.04,156.32,156,156.27,155.95,155.95,156.04,156.07,156.33,156.81,156.78,156.5,156.5,156.59,156.91,156.78,156.53,156.88,157.1,156.38,156.67,156.33,156.36,"-1,794",5074,5001,73,,"110,719"
4/1/2006,60,2233740,3287162,-43380,0.09,0.06,763048,157.23,156.75,156.82,156.85,157.28,156.66,156.56,156.68,156.39,156.83,156.83,156.78,156.86,156.57,155.75,156.53,156.65,156.65,156.71,156.51,156.73,156.46,155.65,156.22,156.22,156.89,156.75,156.73,156.75,156.83,,"-1,613",4281,4559,-278,,"107,065"
5/1/2006,60.15,2239324,3324135,-834942.15,0.09,0.07,-2373366,157.5,157.5,158.23,158.58,159.11,158.91,157.01,160.04,160.04,160.37,160.05,160.23,158.3,160.59,159.77,159.77,160.22,160.23,160.26,160.27,157.95,157.96,157.96,159.53,159.78,159.24,159.86,160.04,159.55,159.55,160.66,"-1,616",4234,4835,-601,,"107,065"
6/1/2006,60.35,2246770,3416500,-86421.2,0.1,0.08,-1453448,160.75,161,161.23,161.09,160.75,160.75,161.03,160.75,160.5,160.09,159.94,159.94,159.93,159.49,159.53,159.67,159.53,158.92,158,158,158.55,158.24,158.36,158.25,156.9,156.9,156.9,158.07,158.62,156.5,162.3,"-2,142",5083,5696,-613,,"107,065"
7/1/2006,60.28,2247721,3362993,-73843,0.1,0.08,-3625668,163.76,163,163,160.9,156.95,157.25,157.25,157.16,157.14,157.14,157.07,157.07,157.08,156.88,153.5,153.5,153.5,152,151.51,151.38,150.67,147.7,149.54,149.54,147.53,147.29,147.45,146.85,146.3,146.86,,"-2,388",4456,5437,-981,,"106,349"
8/1/2006,60.38,2251263,3405965,-75649.88,0.1,0.09,-3017670,146.86,151.03,150,150.99,150.87,151.57,151.47,152,151.95,152.29,150.83,147.91,148.22,143.93,143.93,141.55,141.83,141.66,141.59,141.58,141.62,141.62,141.53,141.58,141.45,141.52,141.51,141.45,141.45,141.47,141.61,"-22,737",5341,6345,-1004,,"106,349"
9/1/2006,60.58,2258721,3436527,-92922.05,0.1,0.09,-2428700,141.62,141.54,141.34,141.53,141.53,141.61,141.6,141.61,141.73,141.77,141.6,141.6,141.65,141.65,141.65,141.73,141.55,142.14,141.35,141.96,141.63,141.55,141.63,141.62,141.44,141.44,141.53,141.6,140.34,140.84,,"-2,583",4527,5692,-1165,,"106,349"
10/1/2006,60.55,2300961,3480442,-129455.9,0.1,0.08,-2387946,140.67,140.83,140.82,140.56,140.55,140.54,140.19,139.92,139.99,139.65,139.89,140.07,139.83,140.34,139.62,139.24,139.24,139.86,139.3,139.75,139.51,139.37,139.75,139.75,139.67,139.05,139.1,139.62,139.7,138.63,138.63,"-2,757",4573,5396,-823,,"105,976"
11/1/2006,61.03,2319201,3515572,-118642.32,0.1,0.08,-1927220,139.65,139.31,139.41,139.39,139.69,139.69,139.73,139.57,139.09,139.13,139.52,139.43,139.15,139.15,139.59,139.8,139.48,139.54,139.48,139.65,138.8,139.25,139.22,138.85,139.41,139.11,138.45,138.45,,,,"-2,493",4224,4507,-283,,"105,976"
12/1/2006,60.79,2310081,3673807,-143646.77,0.1,0.09,-2164995,139.81,139.46,139.59,139.15,139.22,139.21,139.12,139.59,139.59,139.88,139.92,139.2,139.2,139.2,139.6,139.7,139,140.08,139.86,139.87,139.88,139.77,139.97,139.37,139.03,139,139,138.99,139.05,139.54,139.54,"-2,368",4842,5697,-855,,"105,976"
1/1/2007,60.66,2345540,3624885,-93113.1,0.1,0.07,-1470752,139.85,139.13,139.12,139.12,139.28,139.79,139.55,139.63,139.57,139.15,139.15,139,139.58,139.7,139.56,139.52,139.1,139.1,139.52,139.05,139.46,138.97,138.93,138.75,138.75,138.63,138.55,137.6,138.95,139.57,134.18,"-1,788",4601,6435,-1834,,"99,182"
2/1/2007,60.9,2354820,3664573,-138669.3,0.1,0.07,-2430987,134.19,134.31,134.56,134.63,134.45,134.45,134.43,134.43,134.55,134.34,134.4,134.13,133.5,133.37,134,134,134.25,133,134.18,133.92,134,134,133.19,133.65,133.63,133.6,133.52,133.35,133.35,133.32,,"-2,341",4393,5513,-1120,,"99,182"
3/1/2007,60.96,2357140,3788701,-132039.36,0.1,0.08,-989602,133.52,132.55,132.87,132.89,133.51,133.51,132.05,133.55,133.62,132.94,133.34,133.34,133.34,132.92,132.78,132.08,131.99,133.09,133.25,133.25,131.92,127.99,122.95,123.2,122.99,122.84,123.56,123.5,123.55,123.36,123.2,"-3,241",4849,6106,-1257,,"99,182"
4/1/2007,60.72,2448473,3821320,-108688.8,0.1,0.07,-1482580,123.3,123.6,123.6,123.44,123.42,123.75,123.3,123.15,123.15,123.75,123.45,123.38,123.3,123.52,123.4,123.87,123.87,123.54,123.12,123.11,123.43,123.24,123.22,123.22,123.11,123.18,123.18,123.11,123.08,122.99,,"-2,636",3990,5190,-1200,,"96,111"
5/1/2007,60.75,2449683,3870856,-107527.5,0.1,0.07,-1789706,122.99,123.03,123.11,123.08,123.05,122.08,122.08,122.08,123.13,122.74,122.77,123.1,122.95,123.68,123.68,122.76,123.53,124,123.76,123.31,123.95,123.95,123.4,123.51,123.51,124.12,123.35,124.1,124.1,123.15,123.5,"-2,952",5106,5915,-809,,"96,111"
6/1/2007,60.51,2440005,4065155,-1296547.77,0.1,0.07,959868,123.48,121.58,128.53,129,129,129,129.12,129.16,129.19,128.31,128.32,128.5,128.88,127.66,127.36,121.51,121.65,121.55,121.55,121.55,121.55,121.59,121.55,121.23,121.6,121.6,121.6,121.76,121.73,121.68,121.66,"-2,472",4889,6992,-2103,,"96,111"
7/1/2007,60.5,2529868,3990282,-113498,0.1,0.06,-2796500,121.73,121.74,121.73,121.54,121.64,121.57,121.61,121.6,121.6,121.65,121.53,121.25,119.83,119.88,119.87,119.87,117.16,118.03,115.6,115.76,115.35,115.7,115.7,115.71,115.7,115.6,115.88,116.17,116.17,115.6,,"-2,933",4795,6699,-1904,,"95,237"
8/1/2007,60.71,2538649,4012541,-121541.42,0.1,0.07,-2646472,115.7,115.67,115.79,115.81,115.6,115.6,115.6,115.68,115.6,115.6,115.65,115.69,115.69,115.78,115.82,115.73,115.77,115.68,115.6,115.55,115.55,115.78,115.67,115.73,115.67,115.64,115.68,115.78,115.6,115.72,115.91,"-4,018",4943,6941,-1998,,"95,237"
9/1/2007,60.68,2537395,4120170,-115292,0.1,0.08,-2309124,115.78,115.7,115.6,115.6,115.73,115.69,115.75,115.75,115.66,115.68,115.55,115.72,115.66,115.55,115.76,115.6,115.6,115.6,115.65,115.49,115.53,115.38,115.69,115.5,115.5,115.76,115.7,115.69,115.73,115.62,,"-32,582",4449,6688,-2239,,"95,237"
10/1/2007,60.75,2599189,4118010,-145131.75,0.1,0.09,-2837160,115.71,115.71,115.62,115.64,115.6,115.5,115.5,115.48,115.55,115.71,115.14,110.6,110.54,110.88,110.63,110.63,110.66,110.66,110.44,110.66,110.73,110.73,110.73,110.7,110.73,110.66,110.65,110.65,110.65,110.65,110.7,"-3,628",5043,6478,-1435,,"92,293"
11/1/2007,61.25,2620581,4153051,-60270,0.1,0.09,-7831237,110.65,110.7,110.55,110.79,110.87,110.6,110.6,110.68,110.6,110.71,110.73,110.6,110.6,110.66,110.7,110.55,110.73,110.79,110.76,110.76,110.6,110.77,110.72,110.55,110.68,110.55,110.55,110.64,,,,"-3,304",4328,5538,-1210,,"92,293"
12/1/2007,61.65,2637695,4406846,-86618.25,0.1,0.09,-5899220,110.57,110.75,110.55,110.55,110.55,110.55,110.65,110.55,110.75,110.75,111.07,110.55,110.55,110.72,110.94,110.33,110.68,110.13,110.55,110.55,110.73,110.65,110.65,110.88,110.87,110.95,110.95,110.64,110.75,110.75,110.41,"-3,410",4569,6319,-1750,,"92,293"
1/1/2008,62.7,2871158,4301690,-60192,0.1,0.12,-7157985,110.56,110.52,110.52,110.66,110.65,110.64,110.51,110.59,110.6,110.6,110.66,110.55,110.32,109.97,110.24,110.33,110.33,110.28,108.67,108.96,107.61,105.77,105.73,105.9,105.43,105.56,105.74,105.4,105.39,105.4,105.4,"-3,167",4672,6115,-1443,,"89,317"
2/1/2008,62.7,2871158,4332954,-40378.8,0.11,0.11,-3785109,105.33,105.39,105.78,105.82,104.75,105.23,105.23,105.28,104.78,105.22,105.68,105.44,105.44,105.44,105.24,105.42,104.62,105.35,104.24,104.74,104.87,105.12,105.16,105.13,105.21,105.5,105.62,105.62,105.13,105.48,,"-2,613",4622,6257,-1635,,"89,317"
3/1/2008,62.7,2871158,4408088,-66023.1,0.11,0.14,-5604480,105.22,105.26,105.51,105.54,105.54,105.4,105.01,105.31,105.34,105.38,105.36,105.41,105.02,104.96,105.29,105.29,105.37,105.38,105.38,105.26,104.83,105,105.29,105.01,105.01,105.05,105.65,105.51,105.56,105.51,105.89,"-3,274",4519,5762,-1243,,"89,317"
4/1/2008,64.6,2982001,4406377,-73708.6,0.11,0.17,-7584676,106,106,105.43,105.39,105.38,105.37,105.52,105.28,105.28,105.06,105.36,105.36,105.43,105.42,105.38,105.36,105.26,106.25,105.1,105.83,105.64,105.62,105.63,105.04,105.28,105.31,105.2,105.26,105.69,105.69,,"-2,924",4131,5281,-1150,,"85,623"
5/1/2008,66.45,3067398,4470273,-23058.15,0.12,0.19,-6095552,104.72,105.73,105.83,105.03,105.01,104.43,104.43,105.28,104.85,105.29,104.9,105.26,105.33,105.31,105.12,104.76,105.49,105.4,104.67,104.65,104.65,104.95,105.17,105.9,105.4,106.25,105.35,105.35,105.04,105.35,105.48,"-2,966",5043,5990,-947,,"85,623"
6/1/2008,68.2,3148180,4689143,-89137.4,0.12,0.22,-6499899,104.47,104.93,104.97,104.97,105.57,104.44,105.33,105.32,105.15,105.15,105.18,104.15,105.26,105.28,105.17,104.82,104.7,104.7,105.15,105.55,105.26,105.23,105.96,105.91,105.8,106.08,104.74,104.85,104.97,104.63,104.65,"-2,822",4031,6272,-2241,,"85,623"
7/1/2008,71.5,3245242,4554634,-945659,0.13,0.24,-5461974,104.65,104.53,104.62,104.17,104.83,104.53,104.54,104.51,104.93,104.83,105.02,105.38,104.78,104.71,104.74,104.84,104.81,104.85,104.77,104.73,104.76,104.76,105.21,104.43,104.61,104.61,104.31,104.23,104.21,104.95,,"-2,613",5180,6611,-1431,,"83,477"
8/1/2008,75.8,3440410,4592203,-117793.2,0.13,0.25,-6603070,104.51,104.85,105,104.94,105.23,105.22,104.88,104.6,105.38,104.67,104.53,104.42,104.4,105.17,104.33,104.51,104.82,104.53,104.21,104.21,104.8,104.79,105.06,105.1,104.76,104.75,104.75,104.34,105.01,104.77,105.08,"-3,030",4614,6340,-1726,,"83,477"
9/1/2008,78,3540264,4673791,-68952,0.13,0.24,-7582640,105.09,105.15,105.18,105.01,104.55,104.34,104.76,104.54,104.53,104.53,105.14,105,104.23,104.8,105.05,105.12,105.08,104.8,104.83,104.77,104.87,105.11,105.18,104.72,105.03,104.76,104.77,104.83,104.84,104.82,,"-3,578",4177,5451,-1274,,"83,477"
10/1/2008,81.53,4136334,4600634,-90981.9,0.13,0.25,-10770838,104.82,105.33,104.8,104.83,104.82,104.8,104.89,104.88,104.78,104.78,104.8,104.92,104.8,104.75,104.8,104.36,103.74,104.81,104.79,104.35,104.15,104.15,104.68,104.73,104.89,104.78,104.22,104.8,104.82,104.94,104.76,"-37,329",5009,5618,-609,,"77,908"
11/1/2008,78.4,3977781,4684700,-113680,0.15,0.25,-2313528,104.8,104.79,105.22,105.33,104.89,104.79,104.3,104.84,104.9,105.11,105.08,104.79,104.39,104.35,105.29,105.34,104.77,104.77,104.77,104.96,104.4,104.86,104.75,104.31,104.68,104.68,104.82,104.83,,,,"-3,644",4329,5323,-994,,"77,908"
12/1/2008,79.13,4014565,4791898,-78333.75,0.15,0.23,-2162078,104.4,104.44,104.81,104.78,104.8,105.27,104.81,104.81,104.49,104.3,104.31,104.21,104.79,104.78,104.84,104.69,104.8,104.86,104.78,105.06,104.22,104.78,104.14,105.18,104.8,104.83,103.7,104.2,104.69,104.5,104.71,"-3,189",4050,5537,-1487,,"77,908"
1/1/2009,78.74,3900701,4586070,-109607,0.15,0.01,-17480.48,104.71,104.66,104.5,104.85,104.73,104.72,104.82,104.87,104.86,104.97,104.69,104.72,104.82,104.81,104.73,104.73,104.72,104.86,104.76,104.76,104.84,105.13,104.91,105.06,104.66,104.92,104.56,104.62,104.77,104.89,104.67,"-2,669",4408,5693,-1285,,"75,936"
2/1/2009,79.41,3933892,4626260,-91643,0.15,0.01,7464.85,104.8,104.68,104.8,104.69,104.86,105.02,104.91,104.77,104.81,104.94,105.06,105.07,104.92,105.05,104.89,104.85,104.97,104.77,104.79,104.94,104.66,104.77,104.72,104.82,104.5,104.65,104.68,104.78,104.81,104.79,,"-2,304",4180,5287,-1107,,"75,936"
3/1/2009,80.19,3972532,4642900,-53649,0.15,0.01,-33440.37,104.72,104.4,104.84,104.83,104.85,104.78,104.81,104.77,104.84,104.74,104.68,104.79,104.68,104.78,104.77,104.87,104.58,104.59,104.62,104.62,103.78,104.54,104.42,104.7,104.66,104.54,104.54,104.31,104.4,104.27,104.5,"-2,353",4070,4746,-676,,"75,936"
4/1/2009,80.4,4207412,4671530,-74611,0.14,0.01,-48159.6,104.49,104.62,104.73,104.81,104.77,104.7,104.78,104.75,104.81,104.62,104.6,104.6,104.69,104.5,104.46,104.51,104.28,104.34,104.27,104.36,104.36,104.35,104.35,104.45,104.41,104.57,104.61,104.36,104.43,104.6,,"-2,915",4282,4578,-296,,"75,762"
5/1/2009,80.5,4212646,4845010,-87911,0.14,0,24392.87,104.68,104.89,104.93,104.97,104.78,104.8,104.86,104.79,104.85,104.8,104.75,104.65,104.67,104.72,104.63,104.64,104.62,104.62,104.63,104.61,104.47,104.56,104.65,104.56,104.55,104.52,104.59,104.5,104.65,104.7,104.8,"-2,711",4414,5081,-667,,"75,762"
6/1/2009,80.94,4235671,4969900,-33672,0.14,0.01,-47107.87,104.76,104.85,104.74,104.81,104.68,104.71,105.16,104.93,105.01,105.02,104.78,104.78,104.95,104.98,105.25,104.78,104.76,104.74,104.98,104.83,104.79,104.79,104.71,104.67,104.98,104.85,105.1,104.59,104.67,104.77,104.67,"-2,426",3505,4223,-718,,"75,762"
7/1/2009,82.06,4549817,4932980,-129744,0.14,0.02,-60153.33,104.54,104.73,104.73,104.63,104.51,104.59,104.54,105.39,104.54,104.74,104.79,104.4,104.66,104.55,104.55,104.49,104.62,104.52,104.12,104.29,104.27,104.35,104.53,104.42,104.62,104.74,104.71,104.64,104.74,104.75,,"-2,033",4938,5245,-307,,"73,945"
8/1/2009,82.71,4585856,4915440,-1030197,0.13,0.02,-10503.78,104.85,104.79,104.68,104.58,104.59,104.8,104.76,104.84,105.17,104.75,104.77,104.82,104.27,104.27,104.53,104.59,104.71,104.68,104.62,104.65,104.74,104.71,104.7,104.67,104.79,104.77,104.76,104.68,104.69,104.79,104.69,"-1,959",4287,5371,-1084,,"73,945"
9/1/2009,82.8,4590846,5034480,-125936,0.13,0.01,-10018.55,104.83,104.82,104.8,104.73,104.78,104.76,104.69,104.77,104.82,104.71,104.7,104.77,104.76,104.75,104.73,104.73,104.71,104.73,104.68,104.7,104.71,104.72,104.67,104.66,104.63,104.7,104.17,104.77,104.78,104.76,,"-2,482",4349,4529,-180,,"73,945"
10/1/2009,83.3,4655804,5047110,-109871,0.13,0.01,-308872.31,104.76,104.7,104.7,104.75,104.7,104.71,104.75,104.85,104.76,104.7,104.81,104.69,104.64,104.45,104.58,104.44,104.6,104.66,104.47,103.96,104.17,104.71,104.71,104.73,104.7,104.8,104.69,104.75,104.48,104.77,104.8,"-1,974",4479,4546,-67,,"70,358"
11/1/2009,83.52,4668100,5192390,-66982,0.13,0.01,-21130.26,104.71,104.96,105.27,104.69,104.57,104.45,104.89,104.79,104.86,104.72,104.75,104.81,104.69,104.76,104.7,104.54,104.54,104.47,104.62,104.62,104.51,104.4,104.56,104.56,104.39,104.37,104.5,105,104.9,,,"-30,659",3977,4002,-25,,"70,358"
12/1/2009,84.05,4697723,5321730,-89258,0.13,-0.01,-62867.48,105.16,104.87,104.87,104.8,104.94,104.97,104.97,105.09,104.99,104.96,104.9,104.79,104.81,104.97,104.81,104.94,104.8,104.93,104.78,104.89,104.84,104.72,104.73,104.74,104.86,104.92,104.95,105.04,104.86,104.97,104.92,"-2,486",3688,4467,-779,,"70,358"
1/1/2010,84.64,5080601,5263190,-78714,0.13,0,-40795.95,104.76,104.82,104.88,104.8,104.73,104.34,104.38,104.74,104.74,104.79,104.7,104.74,104.7,104.75,104.71,104.88,104.85,104.5,104.14,103.85,104.04,104.14,103.69,104.34,104.91,105.37,104.99,105.38,105.48,105.43,105.43,"-2,317",4430,5511,-1081,,"68,896"
2/1/2010,84.91,5096808,5286060,-41264,0.13,0,2122.64,105.5,105.45,105.49,105.48,105.46,105.37,105.53,105.43,105.59,105.55,105.52,105.49,105.45,105.48,105.46,105.4,105.21,105.15,105.14,105.43,105.54,105.54,105.46,105.43,105.48,105.48,105.03,105.44,105.41,105.34,,"-1,604",3995,4306,-311,,"68,896"
3/1/2010,84.38,5064994,5295480,-83365,0.13,0.01,-6665.8,105.56,105.56,105.35,104.98,104.82,104.47,104.44,104.46,104.45,104.44,104.42,104.39,104.42,104.37,104.43,104.44,104.34,104.48,104.42,104.41,104.43,104.44,104.45,104.48,104.52,104.43,104.49,104.45,104.41,104.5,104.48,"-1,609",4179,4720,-541,,"68,896"
4/1/2010,83.95,5168550,5374830,-85043,0.13,0.02,-29383.18,104.43,104.44,104.47,104.4,104.49,104.4,104.43,104.39,104.5,104.35,104.45,104.33,104.35,104.41,104.34,104.27,104.4,104.44,104.46,104.38,104.33,104.35,103.98,104.22,104.2,104.28,104.23,104.16,104.15,104.22,,"-1,453",4690,4569,121,,"66,456"
5/1/2010,84.4,5196255,5471800,-92845,0.13,0,4557.87,104.09,103.93,104.15,104.2,103.85,103.75,103.63,103.47,102.1,101.78,101.75,101.96,101.91,102.01,101.92,101.76,101.77,101.8,101.84,101.78,101.77,101.84,101.81,101.84,101.82,101.92,101.82,101.8,101.83,101.77,101.81,"-1,983",3909,4311,-402,,"66,456"
6/1/2010,85.35,5254743,5615060,-42930,0.13,0.01,-46429.54,101.81,101.79,101.77,101.77,101.83,101.83,101.84,101.85,101.79,101.82,101.91,101.85,101.83,101.85,101.91,101.84,101.93,101.84,101.81,101.75,101.69,101.73,101.73,101.72,101.89,101.8,101.8,101.8,101.9,101.82,101.83,"-2,565",4321,4626,-305,,"66,456"
7/1/2010,85.58,5518883,5515600,-125209,0.13,0.01,-53318.78,102.15,101.85,101.88,101.81,101.8,101.73,101.78,101.71,101.79,101.61,101.7,101.57,101.89,101.78,101.74,101.77,101.8,101.83,101.83,101.86,101.81,102,102.01,101.9,102,101.73,101.77,101.9,101.89,101.91,,"-1,705",4750,5037,-287,,"65,170"
8/1/2010,85.57,5518238,5545850,-108583,0.13,0.03,-29776.99,101.97,101.96,101.97,101.95,101.96,102.12,101.96,101.93,102,101.93,101.98,101.96,101.82,101.93,102.01,102.05,101.91,101.86,101.8,101.81,101.84,101.79,101.87,101.68,101.92,101.77,101.84,101.81,101.77,101.71,101.63,"-1,835",4119,4755,-636,,"65,170"
9/1/2010,85.84,5535650,5655350,-1069255,0.14,0.03,36826.46,101.8,101.82,101.74,101.7,101.66,101.65,101.65,101.59,101.58,101.62,101.69,101.67,101.54,101.52,101.57,101.67,101.69,101.86,101.81,101.99,101.98,101.97,101.78,101.68,101.94,101.82,101.79,101.88,101.9,101.9,,"-1,412",4420,4295,125,,"65,170"
10/1/2010,85.98,5545710,5726940,-111603,0.14,0.01,429.9,101.92,101.84,101.82,101.92,101.84,101.96,101.99,101.92,101.97,102,102.1,101.75,101.89,101.52,101.85,101.82,101.76,101.77,101.79,101.82,101.84,101.89,101.96,101.86,101.84,101.87,101.83,101.95,101.94,101.9,101.96,"-1,925",4351,4380,-29,,"62,715"
11/1/2010,85.61,5521845,5910300,-149054,0.14,0.02,-4023.87,101.97,101.82,101.87,101.79,101.69,101.73,101.76,101.75,101.67,101.63,101.58,101.53,101.59,101.38,101.42,101.41,101.26,101.29,101.33,101.16,101.22,101.1,101.26,101.04,101.3,101.25,101.4,101.02,,,,"-1,798",4606,3805,801,,"62,715"
12/1/2010,85.83,5536035,6121900,-167194,0.14,-0.01,52012.15,101.03,101.07,100.91,100.9,100.82,100.88,100.73,101.1,100.81,100.87,100.69,100.73,100.75,100.71,100.8,100.72,100.64,100.58,100.58,100.6,100.65,100.72,100.74,100.78,100.86,101.01,100.85,100.92,100.87,100.86,100.82,"-22,692",3874,4132,-258,,"62,715"
1/1/2011,85.81,5630080,6088810,-126400,0.14,0.01,-10125.75,100.66,100.7,101.01,100.79,100.78,100.71,100.55,100.59,100.65,100.33,99.9,100.32,100.44,100.49,100.69,100.48,100.38,100.61,100.59,100.47,100.79,100.55,101.11,101.32,101.63,101.48,101.58,101.53,101.6,101.77,101.92,"-1,974",4683,4619,64,,"64,563"
2/1/2011,85.44,5605804,6130130,-130889,0.14,-0.01,-8372.82,102.03,101.82,101.76,101.7,101.57,101.63,101.54,101.64,101.61,101.63,101.53,101.74,101.62,101.93,101.41,101.66,101.7,101.6,101.81,101.49,101.66,101.75,102.35,102.32,102.91,102.73,102.74,103.06,103.03,102.89,,"-1,975",3765,4373,-608,,"64,563"
3/1/2011,85.27,5594650,6138680,-118520,0.14,0.01,15688.92,103.1,102.94,103.38,102.85,102.81,102.86,102.99,103.02,102.99,102.89,103.08,102.88,102.87,102.8,102.69,102.62,102.28,102.9,102.69,102.96,102.91,102.77,102.78,102.32,102.36,102.3,103.05,102.5,102.48,102.58,102.5,"-1,327",4543,4853,-310,,"64,563"
4/1/2011,84.86,5631819,6177590,-144270,0.14,0.01,40395.49,102.55,102.79,103.1,102.81,102.9,102.63,102.95,102.8,102.76,102.79,102.61,102.74,102.58,103.12,102.74,102.79,102.32,102.28,102.27,102.21,102.11,101.86,102.07,102.07,102.29,102.12,102.7,102.19,102.16,102.21,,"-1,552",5149,5439,-290,,"63,960"
5/1/2011,85.25,5657702,6333491,-151994,0.14,0,-46459.21,101.81,101.77,101.69,101.86,101.37,101.77,101.19,101.33,101.22,101.24,100.92,100.88,100.3,99.96,99.88,99.87,99.82,99.44,99.29,99.02,98.97,98.82,98.85,98.8,98.86,98.82,98.84,98.8,98.76,98.75,98.74,-544,4409,4999,-590,,"63,960"
6/1/2011,85.98,5706149,6555480,-91910,0.14,0.01,25191.3,98.75,98.76,98.8,98.77,98.68,98.73,98.72,98.73,98.78,98.78,98.8,97.98,98.01,98.79,98.77,98.77,98.78,98.74,98.7,98.75,98.72,98.67,98.75,98.81,98.77,98.68,98.69,98.65,98.59,98.61,98.63,"-1,406",4228,5025,-797,,"63,960"
7/1/2011,85.44,5680906,6410540,-112525,0.14,0.01,-6493.46,98.79,98.71,98.67,98.64,98.68,98.68,98.57,98.53,98.38,98.35,98.32,98.36,98.3,98.47,98.65,98.44,98.41,98.43,98.45,98.58,98.57,98.57,98.49,98.42,98.47,98.53,98.5,98.66,98.6,98.73,,"-1,388",4539,4642,-103,,"65,268"
8/1/2011,86.66,5762023,6537450,-144805,0.14,0.01,-19584.66,98.72,98.72,98.7,98.72,98.73,98.85,98.9,98.85,98.84,98.81,98.78,98.75,98.61,98.35,98.34,98.36,98.65,98.68,98.67,98.54,98.59,98.63,98.53,98.59,98.36,98.71,98.83,98.81,98.73,98.7,98.63,"-1,552",4645,4741,-96,,"65,268"
9/1/2011,87.48,5816545,6471420,-178017,0.14,0.01,-93163.85,98.54,98.33,98.15,98.14,98.08,98.09,97.95,97.62,97.64,97.43,97.2,97.14,97.17,96.62,96.39,96.19,96.2,96.64,96.98,97.1,97.29,97.53,97.75,98.14,98.12,98.13,98.14,98.16,98.18,98.19,,"-1,778",4149,4388,-239,,"65,268"
10/1/2011,87.03,5766608,6562300,-1649791,0.12,0.01,-27848.97,98.13,97.99,98.05,98.03,97.87,97.87,97.61,97.89,97.94,98.08,98.2,98.27,98.8,99.04,99.13,99.21,99.28,99.01,98.96,98.5,100.35,101.38,102.97,102.98,103.19,104.33,104.49,104.89,104.92,104.92,104.89,"-2,099",4244,4483,-239,,"61,691"
11/1/2011,87.04,5767270,6651660,-152057,0.12,0,-55878.85,104.98,104.94,104.96,105.04,104.9,104.8,104.84,104.88,104.83,104.96,104.88,104.87,104.83,104.85,104.88,105.15,105.25,105.39,105.4,105.21,105.37,105.41,105.44,105.42,105.46,105.62,105.69,105.55,,,,"-2,163",4260,4174,86,,"61,691"
12/1/2011,89.51,5930933,6858710,-37684,0.12,-0.01,-6265.71,105.5,105.42,105.39,105.49,105.54,105.53,105.42,105.47,105.36,105.48,105.55,105.42,105.55,105.35,105.38,105.5,105.48,105.7,105.45,105.22,105.52,105.52,105.53,105.46,105.62,105.48,105.49,105.32,105.3,105.5,105.47,"-2,485",3950,4486,-536,,"61,691"
1/1/2012,90.22,5921229,6847060,-121700,0.12,0.02,-37529.55,105.48,105.86,105.95,105.5,105.65,105.68,105.66,105.69,106.09,106.09,106.27,106.33,106.39,106.7,106.83,107.05,107.15,107.25,107.2,107.35,107.35,107.92,108.17,108.33,108.32,108.41,108.56,108.57,108.58,108.51,108.54,"-20,243",4721,4578,143,,"60,814"
2/1/2012,90.74,5955357,6947710,-176309,0.12,0,-38111.13,108.47,108.47,108.37,108.29,108.24,107.81,107.51,107.59,107.63,107.75,107.68,107.52,107.36,107.24,107.16,107.18,107.51,107.38,107.52,107.42,107.57,107.44,107.35,107.36,107.25,107.32,107.1,107.17,106.93,107.01,,"-1,790",3796,4517,-721,,"60,814"
3/1/2012,90.93,5967827,7037558,-159212,0.12,0.01,17912.43,106.87,106.72,106.67,106.51,106.34,106.26,106.31,106.4,106.46,106.19,106.41,106.07,105.9,106,105.97,106.31,106.11,106.26,106.15,106.2,106.2,106.1,106.04,105.96,106.24,106.18,106.14,106.2,105.87,105.73,105.82,"-1,298",4629,4739,-110,,"60,814"
4/1/2012,90.72,5940164,7079770,-67314,0.12,0.02,-28667.52,105.83,105.65,105.73,105.82,105.91,106.26,106,105.83,104.96,105,104.91,105.14,104.7,104.66,104.77,104.58,104.77,104.63,104.59,104.43,104.52,104.49,104.52,104.72,104.63,105.04,104.69,104.84,104.77,104.45,,"-1,544",4070,4798,-728,,"61,854"
5/1/2012,91.35,5981415,7236760,-142326,0.12,0.01,-51705.11,104.45,104.39,104.28,103.87,103.58,103.6,103.52,103.52,103.62,103.41,103.67,103.15,103.11,102.91,102.81,102.84,102.52,102.48,102.64,102.66,102.17,102.2,102.23,102.24,102.21,102.14,101.89,101.82,102.13,101.87,101.99,"-1,572",3931,4412,-481,,"61,854"
6/1/2012,94.23,6169992,7433180,-130600,0.12,0,-69540.05,101.87,101.87,101.82,101.36,101.28,101.23,100.7,100.63,100.44,100.5,100.53,100.67,100.3,100.35,100.15,100.15,100.09,100.06,100.07,99.99,99.93,98.43,100.26,99.92,100.2,100.08,100.14,100.8,99.93,99.85,99.63,"-1,090",4219,4325,-106,,"61,854"
7/1/2012,94.45,6225577,7416560,-138837,0.12,0,-42878.99,99.61,99.43,99.38,99,98.95,99.17,98.94,99.27,98.95,99.06,98.64,98.82,98.63,98.48,98.38,98.48,98.33,98.29,98.4,98.37,98.52,98.73,98.34,98.5,98.05,98.24,97.69,97.91,98.47,98.47,,"-1,788",3949,4288,-339,,"60,899"
8/1/2012,94.51,6229532,7524300,-138734,0.11,0.01,92709.98,98.53,98.44,98.37,98.74,98.53,98.41,98.35,98.43,98.29,98.85,98.33,98.17,98.62,98.55,98.51,98.56,98.51,98.75,98.62,98.44,98.39,98.42,98.62,98.31,98.51,98.43,98.35,98.36,98.26,98.3,98.42,"-1,465",4177,4760,-583,,"60,899"
9/1/2012,94.68,6240738,7566520,-152428,0.11,0.01,-8331.46,98.24,98.44,98.26,98.48,98.42,98.53,98.38,98.39,98.37,98.44,98.4,98.49,98.44,98.65,98.13,98.27,98.05,98.24,98.24,98.25,98.37,98.32,98.5,98.42,98.42,98.35,98.36,98.35,98.49,98.42,,"-1,805",4246,4565,-319,,"60,899"
10/1/2012,95.54,6084274,7801780,-140824,0.1,0,-40603.93,98.38,98.41,98.43,98.35,98.57,98.38,98.55,98.06,98.27,98.23,98.31,98.16,98.25,98.25,98.26,97.92,98.09,97.62,97.92,97.83,97.84,98.15,97.75,97.9,98.11,98.17,98.21,97.93,98.24,98.31,98.17,"-1,596",4065,4489,-424,,"61,292"
11/1/2012,96.01,6114205,7821270,-1847319,0.1,0,-67018.14,98.31,98.31,98.22,98.51,98.35,98.19,98.35,98.09,98.41,98.13,98.11,98.14,98.07,98.1,98.08,98.33,98.07,98.09,98.05,98.06,97.91,98.13,97.95,97.73,97.93,97.77,98.07,98.02,,,,"-1,966",3597,3987,-390,,"61,292"
12/1/2012,97.25,6193172,8037890,-144714,0.1,0,58449.6,97.5,97.67,97.61,97.75,97.74,97.71,97.74,97.69,97.77,97.81,97.84,97.83,97.71,97.83,97.88,97.67,97.31,97.29,97.19,97.31,97.34,96.7,97.29,97.54,97.55,97.71,97.8,97.81,97.68,97.5,97.16,"-1,838",3891,4249,-358,,"61,292"
1/1/2013,97.58,5980873,8068180,-179350,0.1,0.02,-34933.18,97.12,97.25,97.4,97.44,97.62,97.52,97.61,97.66,97.64,97.56,97.73,97.51,97.95,97.75,97.85,97.49,97.65,97.5,97.4,97.1,97.02,96.96,96.84,96.79,96.78,96.66,96.65,96.59,96.57,96.6,96.67,"-1,488",4737,4136,601,,"63,683"
2/1/2013,98.12,6013971,8088480,-192911,0.1,0,-38268.3,96.63,96.56,96.38,96.07,95.91,95.92,96.03,95.79,96.01,95.81,96.09,96.17,95.88,95.97,95.92,95.79,95.99,95.98,95.92,95.99,95.94,96.04,95.99,96.04,96.19,96.11,95.91,95.79,95.93,95.69,,"-19,240",3925,4623,-698,,"63,683"
3/1/2013,98.16,6016423,8145140,-156666,0.1,0,-41620.61,95.88,95.77,95.88,95.8,95.83,95.81,95.9,95.51,95.64,95.49,95.59,95.57,95.52,95.55,95.46,95.19,95.45,95.58,95.56,95.56,95.57,95.44,95.62,95.48,95.48,95.5,95.56,95.46,95.13,94.98,94.96,"-1,474",4509,4934,-425,,"63,683"
4/1/2013,98.37,5990635,8247590,-177558,0.1,0.01,-31380.06,95.01,94.84,94.84,94.79,94.79,94.58,94.7,94.66,94.73,94.73,94.45,94.55,94.6,94.44,94.45,94.5,94.49,94.56,94.56,94.72,94.74,94.85,94.86,94.67,94.68,94.76,94.9,94.74,94.54,94.57,,"-1,610",4018,4106,-88,,"65,914"
5/1/2013,98.46,5996116,8430430,-144249,0.1,0.01,-57404.02,94.57,94.55,94.71,94.87,94.96,94.88,94.91,94.89,94.72,94.44,94.47,94.25,94.56,94.54,94.44,94.09,94.54,94.51,94.52,94.19,94.08,94.14,94.07,94.15,94.3,94.25,94.72,94.71,94.71,94.36,94.6,"-1,468",5191,4210,981,,"65,914"
6/1/2013,98.65,6007686,8687940,-176387,0.1,0.01,-33442.43,94.64,94.52,94.67,94.58,94.59,94.43,94.67,94.46,94.42,94.52,94.45,94.45,94.44,94.41,94.43,94.48,94.3,94.38,94.35,94.43,94.43,94.41,94.1,94.14,94.11,93.97,94.4,94.59,94.67,94.65,94.75,"-1,470",3892,4346,-454,,"65,914"
7/1/2013,100.43,6211997,8628070,-109465,0.1,0.02,-10645.2,94.6,94.56,94.26,94.59,94.55,94.53,94.49,94.48,94.43,94.41,94.26,93.43,94,94.21,94.21,94.38,94.33,94.42,94.53,94.53,93.9,94.26,94.26,94.41,94.14,93.88,93.88,93.72,93.68,93.5,,"-1,386",4088,4826,-738,,"65,478"
8/1/2013,102.9,6364777,8703480,-161760,0.1,0.01,-49495.19,93.64,93.12,92.92,91.82,91.63,91.81,91.81,91.97,92,91.51,91.3,91.03,90.92,90.92,90.88,90.88,90.94,90.88,91.03,90.98,90.98,90.92,90.9,90.91,90.83,90.92,90.8,90.8,90.8,90.99,91.07,"-1,558",4106,4672,-566,,"65,478"
9/1/2013,105.03,6496526,8754270,-162163,0.1,0,-76460.18,91.07,90.74,90.75,90.75,90.87,90.89,90.93,90.9,90.69,90.72,90.72,90.78,90.73,90.69,90.74,90.67,90.71,90.71,90.74,90.69,90.77,90.63,90.68,90.59,90.59,90.59,90.38,90.54,90.68,90.69,,-742,3936,4252,-316,,"65,478"
10/1/2013,106.21,6459055,8914260,-137864,0.1,0.02,-11683.35,90.69,90.69,90.67,90.65,90.81,90.9,91.87,91.91,91.91,90.79,90.74,90.69,90.74,90.82,90.77,90.77,90.81,90.8,90.85,90.64,90.8,90.77,90.77,90.93,90.96,90.93,90.86,91.06,91.04,91.04,91.01,"-1,751",4216,4019,197,,"65,631"
11/1/2013,107.55,6540546,8994080,-192523,0.1,0.01,-77546.98,91.01,90.69,90.87,90.86,90.91,90.91,90.85,90.8,90.79,91.08,90.61,90.84,90.84,90.74,90.76,90.67,90.98,90.63,90.78,90.58,90.76,90.75,90.64,90.69,90.55,90.45,90.46,90.47,90.49,,,"-1,943",4209,4629,-420,,"65,631"
12/1/2013,107.01,6507706,9227080,-2166276,0.1,-0.01,15302.94,90.53,90.3,90.21,89.37,89.37,89.62,89.76,89.94,90.25,90.45,90.26,90.26,90.08,90.25,90.39,90.28,90.46,90.35,90.35,90.06,89.97,90.42,90.52,90.75,90.69,90.68,90.38,90.32,90.17,90.04,90.19,"-1,349",3824,4240,-416,,"65,631"
1/1/2014,105.46,6505933,9161880,-262079,0.1,0,-56528.82,89.96,89.88,89.9,90.06,89.91,89.15,89.28,89.32,89.33,89.66,90.05,89.97,89.76,89.88,89.73,89.73,89.56,89.59,89.22,89.2,89.12,89.02,89.02,88.94,89.42,89.49,89.47,89.4,89.47,89.47,88.86,-421,4351,4421,-70,,"66,260"
2/1/2014,105.14,6486192,9195710,-227410,0.1,0,9041.72,88.62,88.32,88.05,87.66,87.92,87.92,87.78,87.53,87.43,87.33,87.41,87.2,87.22,87.04,87.17,86.96,86.71,86.68,86.73,86.73,86.67,86.33,86.37,86.38,86.34,86.3,86.35,86.15,85.86,86,,"-1,747",3691,4333,-642,,"66,260"
3/1/2014,100.23,6183289,9231300,-210384,0.1,0.01,-23955.14,86.97,86.31,86.18,86.18,87.15,86.74,86.66,86.47,86.78,86.72,86.72,86.4,86.51,86.67,86.67,86.77,86.79,86.79,87.54,87.4,87.23,87.34,88.06,87.94,87.94,87.63,87.13,87.22,87.18,87.9,87.88,"-18,957",3932,4252,-320,,"66,260"
4/1/2014,97.57,6368199,9265810,-173487,0.1,0.02,-23320.24,87.88,87.71,87.96,87.62,88.07,87.01,87.35,87.35,87.33,87.66,87.98,88.29,87.69,87.3,87.3,87.85,87.65,86.97,87.06,87.32,87.16,87.16,87.76,87.59,87.08,87.66,87.15,86.91,86.91,87.63,,"-2,035",3545,4610,-1065,,"66,490"
5/1/2014,98.67,6439994,9426410,-153133,0.1,0,-9472.12,86.93,87.66,86.12,86.34,86.22,86.22,86.95,86.69,86.58,87.04,86.73,86.8,86.8,87.24,86.66,86.84,85.46,86.58,86.65,86.65,86.76,86.86,86.92,86.01,86.3,86.45,86.45,87.7,86.13,87.07,86.58,"-1,671",4321,4547,-226,,"66,490"
6/1/2014,98.53,6430856,9784950,-136762,0.1,0.01,-10148.78,86.89,86.81,86.81,86.2,87,86.12,85.87,85.93,86,86,86.65,85.71,86.11,86.51,75.65,75.57,86.16,86.19,85.92,86.31,85.77,85.65,85.47,85.47,85.9,86.2,85.59,85.95,86.1,86.06,86.06,"-1,317",4024,4100,-76,,"66,490"
7/1/2014,98.68,6311573,9729680,-138749,0.1,0.02,-78650.75,86.21,86.51,85.99,86.4,85.94,85.95,85.95,85.47,86.17,85.89,86.28,86.44,86.35,86.35,85.84,86.02,85.48,85.64,86.07,86.06,86.06,86.15,85.68,86.2,85.74,85.27,85.41,85.41,86.31,86.14,,"-1,069",4889,4596,293,,"66,366"
8/1/2014,100.05,6399198,9722780,-54429,0.1,0,-59031.38,85.69,85.29,85.18,85.18,85.18,85.25,85.5,85.42,85.81,86.25,86.16,86.16,86.24,85.62,85.64,85.03,85.5,85.39,85.38,84.62,84.78,84.65,84.89,85.25,85.16,85.16,84.91,84.29,84.28,84.29,84.51,"-1,783",4076,4621,-545,,"66,366"
9/1/2014,102.52,6557179,9827300,-159108,0.1,0,-29730.23,84.41,84.41,84.28,84.59,84.18,84.65,84.69,84.78,84.78,84.83,85.04,85.04,84.75,84.56,84.48,84.48,84.16,84.43,84.24,84.49,85.29,85.23,85.22,85.28,85.12,85.8,85.76,85.63,85.67,85.67,,"-1,700",4373,3897,476,,"66,366"
10/1/2014,102.78,6635785,9868570,-136388,0.1,0,-31861.67,85.06,85.33,85.38,85.57,84.71,84.5,84.5,84.98,85.42,84.98,85.78,85,84.94,84.95,84.92,85.63,85.19,85.1,85.67,85.62,85.62,85.21,85.62,85.62,85.26,85.13,85.1,85.1,85.27,85.85,86.22,"-1,390",4526,4342,184,,"65,611"
11/1/2014,101.96,6582843,9909750,-201374,0.1,-0.01,-61992.55,86.19,85.65,85.54,85.54,85.22,85.48,85.05,86.01,85.93,85.91,85.91,85.44,85.73,85.12,85.26,84.92,84.88,84.88,84.51,84.72,85.34,85.54,85.66,85.6,85.63,85.34,85.14,86.1,,,,"-1,532",3838,3936,-98,,"65,611"
12/1/2014,100.85,6511179,10198570,-199082,0.1,-0.01,6454.53,85.84,85.66,85.46,85.41,85.72,85.79,86.01,86.24,86.38,86.32,86.37,85.33,85.45,85.89,85.52,85.79,85.85,85.86,86.06,85.6,85.64,85.73,86.12,86.09,86.09,85.5,85.31,85.35,86.04,85.89,85.89,"-1,473",3488,3606,-118,,"65,611"
1/1/2015,100.81,6322299,10184400,-2287509,0.09,0,-26008.17,85.86,85.46,85.96,85.79,86.19,85.82,85.64,85.61,85.62,85.68,85.79,85.64,86.36,86.24,85.73,85.91,85.93,85.78,85.92,85.96,85.96,85.84,85.75,85.85,85.83,85.82,85.79,85.75,85.89,85.67,85.67,"-1,948",4712,4106,606,,"64,500"
2/1/2015,101.47,6363691,10272840,-182447,0.09,-0.01,81279.32,85.67,85.89,85.8,85.82,85.67,85.51,85.54,85.7,85.46,85.04,85.05,85.26,85.43,85.56,85.48,85.62,85.88,85.87,85.6,85.35,85.39,85.52,85.52,85.83,85.83,85.79,85.78,85.79,85.78,85.97,,"-1,741",3877,3924,-47,,"64,500"
3/1/2015,101.87,6388777,10360290,-196108,0.08,0,-2954.35,85.33,85.33,85.59,85.69,85.64,86.12,86.03,86.38,86.38,86.14,86.08,86.15,86.36,85.99,86.22,86.06,85.51,85.56,86.32,86.13,85.99,85.43,85.44,85.88,86.32,86.17,86.23,86.07,86.23,86.23,86.38,"-1,298",3597,3592,5,,"64,500"
4/1/2015,101.75,6631048,10476600,-143669,0.08,0.01,12718.54,86.4,86.51,86.4,86.36,86.17,86.15,86.18,86.05,85.95,85.74,86.03,86.11,85.92,85.74,85.72,85.78,85.56,85.51,85.74,85.75,85.59,85.8,85.82,85.75,85.4,85.12,85.12,85.5,85.8,85.6,,"-12,456",3725,3296,429,,"64,488"
5/1/2015,101.89,6640171,10681670,-186964,0.07,0.01,-64800.62,85.81,85.51,85.23,85.25,85.45,85.58,85.91,85.95,85.62,85.55,85.55,85.78,85.64,85.4,85.58,85.29,85.28,85.3,85.77,85.75,85.81,85.91,85.71,85.42,85.38,85.49,85.68,85.84,85.7,85.26,85.13,"-1,269",3423,3771,-348,,"64,488"
6/1/2015,101.83,6636261,11037950,-173614,0.07,0.01,-29224.24,85.13,85.62,85.71,85.52,85.49,85.24,85.15,85.16,85.29,85.34,85.52,85.64,85.8,85.92,85.93,85.51,85.33,85.49,85.55,85.65,86.06,86.04,85.84,85.88,85.53,85.61,85.78,85.62,85.58,85.75,85.42,"-1,463",3169,3792,-623,,"64,488"
7/1/2015,101.82,6766550,11008670,-261160,0.07,0,-31054.14,85.47,85.61,85.3,84.98,85.02,85.35,85.33,85.56,85.64,85.72,85.86,85.86,85.72,85.31,85.53,85.38,85.05,85.19,85.19,85.21,85.03,85.43,85.53,85.57,85.19,85.09,85.58,85.2,84.87,84.69,,-503,3541,4085,-544,,"61,567"
8/1/2015,102.37,6803101,10972190,-202999,0.07,0,-41152.56,84.64,84.82,84.76,85.19,84.87,84.91,84.4,84.33,84.58,84.62,84.37,84.24,84.45,84.34,84.2,84.29,84.28,84.06,84.29,84.06,84.02,84.37,84.29,84.25,84.39,84.15,84.05,84.16,84.13,84.52,84.51,"-1,100",3760,3706,54,,"61,567"
9/1/2015,104.34,6934019,11235560,-151608,0.06,0,12625.3,84.12,83.97,84.14,84.13,84.15,83.99,84,83.99,83.92,84.13,84.16,84.16,84.17,84.17,84.04,84.11,83.87,83.64,83.34,83.25,83.27,83.65,83.51,84.07,84.14,84.22,84.15,84.15,83.92,84.03,,"-1,013",3555,3905,-350,,"61,567"
10/1/2015,104.57,7204455,11144940,-168255,0.06,0,-56573.06,84.13,84.07,83.84,83.79,83.78,83.69,84,84.25,84.02,84.01,83.96,83.94,85.02,84.4,84.38,84.23,84,84.47,84.47,84.26,84.24,84.63,84.53,84.87,84.8,84.8,84.91,85.07,84.95,85.15,85.05,-988,3365,3444,-79,,"60,026"
11/1/2015,105.42,7263016,11184730,-169101,0.06,0.01,-32786.96,84.87,84.9,84.87,84.86,84.87,84.97,85.12,84.69,84.69,84.79,84.83,84.85,84.86,84.95,84.97,84.94,84.92,84.86,84.89,84.91,84.98,84.96,85.01,85.16,85.02,85.09,84.94,84.59,,,,-486,3109,3084,25,,"60,026"
12/1/2015,104.71,7214100,11506640,-242613,0.06,-0.01,-113191.49,84.68,84.69,84.7,84.62,84.48,84.59,84.63,84.59,84.64,84.6,84.57,84.63,84.45,84.34,84.62,84.58,84.7,84.79,84.95,85.09,84.79,84.71,84.75,84.8,84.75,84.73,84.68,84.44,84.42,84.41,84.39,-930,2834,3316,-482,,"60,026"
1/1/2016,104.9,7380554,11410740,-260771,0.06,0,-81713.83,84.14,84.19,84.1,84.15,84.17,84.18,84.19,84.24,84.29,84.24,84.28,84.2,84.19,84.23,84.33,84.31,84.35,84.19,84.13,84.15,84.24,84.26,84.04,83.85,83.66,83.65,83.67,83.46,83.56,83.52,83.32,"-1,062",3124,3872,-748,,"55,892"
2/1/2016,104.68,7365075,11507050,-3209248,0.06,0,-2616.89,83.52,83.54,83.55,83.57,83.58,83.36,83.5,83.56,83.52,83.52,83.51,83.43,83.4,83.49,83.5,83.51,83.54,83.53,83.44,83.2,83.38,83.37,83.55,83.59,83.64,83.59,83.68,83.67,83.69,83.66,,-802,2797,3050,-253,,"55,892"
3/1/2016,104.65,7362965,11753540,-206570,0.06,0,-7011.23,83.63,83.45,83.45,83.35,83.28,83.32,83.25,83.3,83.28,83.29,83.28,83.34,83.24,83.19,83.18,83.16,83.2,83.28,83.32,83.29,83.3,83.3,83.31,83.24,83.24,83.3,,,,,,"-1,319",,3708,-3708,,"55,892"
4/1/2016,104.72,7743520,11761290,-259910,0.06,0.02,-18849.22,83.18,83.18,83.03,82.9,82.7,82.7,82.5,82.7,83,82.93,82.78,82.48,82.75,82.77,82.4,82.68,82.88,82.78,82.78,82.83,82.68,82.98,,,,,,,,,,"-1,521",3143,3264,-121,,"55,445"
5/1/2016,104.7,7742042,12030090,-205108,0.06,0,-113495.34,82.93,83.05,82.7,82.55,82.75,82.6,82.85,82.6,82.8,82.4,82.55,82.5,82.53,82.68,82.88,82.8,82.35,82.36,82.9,82.9,83.19,,,,,,,,,,,"-12,456",2819,2946,-127,,"55,445"
6/1/2016,104.59,7733908,12638930,-212630,0.06,0.01,-32108.97,82.9,82.93,82.75,82.8,82.9,82.1,82.13,81.98,82.05,82.08,82.1,81.93,82.18,82.45,82.58,81.7,81.65,81.7,81.5,81.45,81.46,81.53,80.68,,,,,,,,,"-1,581",2959,3692,-733,,"55,445"
7/1/2016,104.84,7942888,12485710,-254347,0.06,0.01,-75276.6,81.4,81.3,81.25,81.43,81.58,81.03,80.93,81.25,81,81.03,81.14,80.25,80.8,80.8,80.15,80.85,80.7,80.55,80.55,80.65,81.03,81.08,,,,,,,,,,-416,3201,3783,-582,,"52,331"
8/1/2016,104.69,7931524,12493920,-283817,0.06,0,-69828.8,81.1,81.05,80.4,80.3,80.27,80.1,80.63,80.45,80.68,80.55,80.9,80.7,80.83,80.45,80.53,80.6,80.4,80.55,80.38,79.6,80.15,,,,,,,,,,,"-1,092",3318,3015,303,,"52,331"
9/1/2016,104.54,7920159,12688180,-304730,0.06,0,-30943.4,80.2,80.53,80.45,80.53,80.5,80.58,80.58,80.55,80.58,80.5,80.43,80.45,80.3,80.4,80.3,80.33,80.4,79.88,80.05,80.4,80.43,80.48,,,,,,,,,,-928,2693,3292,-599,,"52,331"
10/1/2016,104.62,7944424,12867810,-246169,0.06,0.01,-70722.61,80.43,80.18,80.45,79.98,80.28,80.43,80.4,80.42,80.23,80.28,80.08,80.28,80.2,80.1,80.25,79.63,80.53,80.45,80.03,80.08,79.85,79.75,,,,,,,,,,-669,2770,3187,-417,,"49,539"
11/1/2016,104.83,7960371,12970930,-241519,0.06,0,-116042.28,79.75,79.87,79.73,79.9,79.75,79.4,79.78,79.73,79.8,79.63,79.7,79.3,79.13,79,79.15,79.22,78.35,79.08,78.95,79.08,,,,,,,,,,,,"-1,154",2795,2701,94,,"49,539"
12/1/2016,104.78,7956574,13470710,-279671,0.06,-0.01,-134648.53,79.05,79,78.6,78.95,79.07,79.05,79.78,79.3,79.15,79.39,79.2,78.7,78.53,78.03,78.83,78.9,76.03,77.65,78.65,78.83,78.8,78.85,,,,,,,,,,"-1,392",2733,2955,-222,,"49,539"
1/1/2017,104.64,8152293,13149330,-333689,0.06,0,-155595.91,,,,,,,,,,,,,,,,,,,,,,,,,,,,,,,,-990,3053,3646,-593,,"50,737"
2/1/2017,104.82,8166317,13226900,-381947,0.06,0,-104186.37,,,,,,,,,,,,,,,,,,,,,,,,,,,,,,,,"-1,450",2858,3516,-658,,"50,737"
3/1/2017,104.7,8156968,13580920,-3908412,0.06,0.01,-63763.38,,,,,,,,,,,,,,,,,,,,,,,,,,,,,,,,"-1,116",2163,4537,-2374,,"50,737"
4/1/2017,104.85,8752563,13631700,-375143,0.06,0.01,-133575.26,,,,,,,,,,,,,,,,,,,,,,,,,,,,,,,,-884,3577,5072,-1495,,"45,388"
5/1/2017,104.76,8745051,13863980,-317428,0.06,0,-180818.69,,,,,,,,,,,,,,,,,,,,,,,,,,,,,,,,"-1,554",2859,4370,-1511,,"45,388"
6/1/2017,104.7,8740042,14580880,-273569,0.06,0,-149819.06,,,,,,,,,,,,,,,,,,,,,,,,,,,,,,,,"-13,226",3323,4529,-1206,,"45,388"
7/1/2017,105.11,8999834,14268940,-296613,0.06,0,-235545.78,,,,,,,,,,,,,,,,,,,,,,,,,,,,,,,,"-1,307",3590,4913,-1323,,"46,161"
8/1/2017,105.17,9004971,14325630,-311943,0.06,0,-99598.91,,,,,,,,,,,,,,,,,,,,,,,,,,,,,,,,-347,3334,4646,-1312,,"46,161"
9/1/2017,105.46,9029802,14492470,-308366,0.06,0.01,-121279.52,,,,,,,,,,,,,,,,,,,,,,,,,,,,,,,,"-1,141",3360,4906,-1546,,"46,161"
10/1/2017,105.31,9405973,14417420,-344781,0.06,0.01,-130898.75,,,,,,,,,,,,,,,,,,,,,,,,,,,,,,,,"-1,053",3713,4865,-1152,,"45,792"
11/1/2017,105.24,9399721,14503840,-274996,0.06,0,-172069.63,,,,,,,,,,,,,,,,,,,,,,,,,,,,,,,,-644,3092,4031,-939,,"45,792"
12/1/2017,108.69,9707865,14917260,-344232,0.06,0,-156844.57,,,,,,,,,,,,,,,,,,,,,,,,,,,,,,,,-960,3088,4633,-1545,,"45,792"
1/1/2018,110.66,10213143,14668520,-377356,0.06,0,-193657.88,,,,,,,,,,,,,,,,,,,,,,,,,,,,,,,,"-1,405",2936,4306,-1370,,"42,785"
2/1/2018,110.67,10214066,14723520,-365645,0.06,0,-133907.65,,,,,,,,,,,,,,,,,,,,,,,,,,,,,,,,-984,2844,4561,-1717,,"42,785"
3/1/2018,112.4,10373733,15283300,-407788,0.06,0,-161294.16,,,,,,,,,,,,,,,,,,,,,,,,,,,,,,,,"-2,389",3094,3834,-740,,"42,785"
4/1/2018,115.64,11013207,15182680,-3767818,0.06,0.02,-258920.37,,,,,,,,,,,,,,,,,,,,,,,,,,,,,,,,"-1,900",2752,3426,-674,,"41,816"
5/1/2018,115.69,11017969,15403060,-464833,0.07,0.01,-231144.08,,,,,,,,,,,,,,,,,,,,,,,,,,,,,,,,"-2,002",2739,3496,-757,,"41,816"
6/1/2018,118.76,11310346,15997160,-348320,0.07,0.01,-226117.21,,,,,,,,,,,,,,,,,,,,,,,,,,,,,,,,"-1,876",2701,3500,-799,,"41,816"
7/1/2018,124.59,11974469,15626280,-307998,0.08,0.01,-262022.6,,,,,,,,,,,,,,,,,,,,,,,,,,,,,,,,"-21,427",3789,3516,273,,"40,324"
8/1/2018,123.28,11848564,15927800,-363910,0.08,0,-99730.2,,,,,,,,,,,,,,,,,,,,,,,,,,,,,,,,"-1,770",2899,3422,-523,,"40,324"
9/1/2018,123.36,11856253,16019590,-325175,0.08,0,-148030.92,,,,,,,,,,,,,,,,,,,,,,,,,,,,,,,,"-1,790",2763,3223,-460,,"40,324"
10/1/2018,129.98,12891676,15791100,-421273,0.09,0.03,-163387.71,,,,,,,,,,,,,,,,,,,,,,,,,,,,,,,,"-2,166",2871,3182,-311,,"38,667"
11/1/2018,133.96,13286421,16212996,-313592,0.09,0,-150031.38,,,,,,,,,,,,,,,,,,,,,,,,,,,,,,,,"-2,277",2486,3237,-751,,"38,667"
12/1/2018,139.03,13789273,16574430,-248578,0.1,0,-254973.6,,,,,,,,,,,,,,,,,,,,,,,,,,,,,,,,"-1,535",2644,3116,-472,,"38,667"
1/1/2019,139.46,14779413,16282560,-330251,0.1,0.01,-119241.73,,,,,,,,,,,,,,,,,,,,,,,,,,,,,,,,"-2,363",2946,3555,-609,,"38,001"
2/1/2019,139.32,14764576,16233960,-347327,0.1,0.01,-39427.77,,,,,,,,,,,,,,,,,,,,,,,,,,,,,,,,"-1,944",2903,3460,-557,,"38,001"
3/1/2019,139.79,14814385,16810060,-385414,0.1,0.01,-115051.12,,,,,,,,,,,,,,,,,,,,,,,,,,,,,,,,"-2,138",2455,3201,-746,,"38,001"
4/1/2019,141.55,15053701,16537740,-365613,0.11,0.01,-164900.79,,,,,,,,,,,,,,,,,,,,,,,,,,,,,,,,"-1,534",2515,3260,-745,,"37,288"
5/1/2019,145.45,15468462,17102510,-3307054,0.12,0.01,-146029.91,,,,,,,,,,,,,,,,,,,,,,,,,,,,,,,,"-1,253",2383,3298,-915,,"37,288"
6/1/2019,153.89,16366048,17798490,-367496,0.12,0,-150968.81,,,,,,,,,,,,,,,,,,,,,,,,,,,,,,,,"-1,225",2352,3414,-1062,,"37,288"
7/1/2019,159.37,17062949,17455250,-341371,0.13,0.02,-97693.96,,,,,,,,,,,,,,,,,,,,,,,,,,,,,,,,"-1,432",3358,3746,-388,,"37,229"
8/1/2019,159.32,17057596,17668040,-257468,0.13,0.01,-95753.83,,,,,,,,,,,,,,,,,,,,,,,,,,,,,,,,"-13,881",2975,3629,-654,,"37,229"
9/1/2019,156.64,16770662,17903670,-252656,0.13,0.01,-43545.17,,,,,,,,,,,,,,,,,,,,,,,,,,,,,,,,-723,2851,2552,299,,"37,229"
10/1/2019,156.27,17302058,17771840,-280355,0.13,0.02,11408,,,,,,,,,,,,,,,,,,,,,,,,,,,,,,,,-984,2844,3368,-524,,"36,257"
11/1/2019,155.6,17227876,18051590,-293611,0.13,0.01,-50724.59,,,,,,,,,,,,,,,,,,,,,,,,,,,,,,,,"-1,081",2426,2768,-342,,"36,257"
12/1/2019,154.92,17152587,18715780,-317739,0.13,0,-44461.77,,,,,,,,,,,,,,,,,,,,,,,,,,,,,,,,"-1,018",2428,2932,-504,,"36,257"
1/1/2020,154.73,17008695,18425510,-305592,0.13,0.02,-79221.74,,,,,,,,,,,,,,,,,,,,,,,,,,,,,,,,"-1,216",3206,3015,191,,"34,877"
2/1/2020,154.38,16970222,18679020,-248403,0.13,-0.01,-30413.54,,,,,,,,,,,,,,,,,,,,,,,,,,,,,,,,"-1,092",2285,3155,-870,,"34,877"
3/1/2020,158.35,17406624,19318460,-302126,0.12,0,9025.79,,,,,,,,,,,,,,,,,,,,,,,,,,,,,,,,"-1,401",2347,2960,-613,,"34,877"
4/1/2020,164.63,18579813,19279800,-255672,0.09,-0.01,-87254.31,,,,,,,,,,,,,,,,,,,,,,,,,,,,,,,,"-1,033",2621,2982,-361,,"35,272"
5/1/2020,160.37,18099037,20071830,-352970,0.08,0,55166.61,,,,,,,,,,,,,,,,,,,,,,,,,,,,,,,,"-1,198",2269,3083,-814,,"35,272"
6/1/2020,165.61,18690413,20907800,-1579585,0.07,0.01,-16560.97,,,,,,,,,,,,,,,,,,,,,,,,,,,,,,,,"-1,260",2141,2551,-410,,"35,272"
7/1/2020,167.2,19027862,20729630,-337418,0.07,0.03,84939.78,,,,,,,,,,,,,,,,,,,,,,,,,,,,,,,,"-1,282",,,-163,,"35,413"
8/1/2020,168.06,19125732,20723370,-307388,0.07,0.01,35461.4,,,,,,,,,,,,,,,,,,,,,,,,,,,,,,,,"-1,593",,,-163,,"35,413"
9/1/2020,160.66,18283590,21155300,-313280,0.07,0.02,9478.72,,,,,,,,,,,,,,,,,,,,,,,,,,,,,,,,"-12,871",,,-163,,"35,413"
10/1/2020,162.85,18455872,20983930,-291834,0.07,0.02,67584.41,,,,,,,,,,,,,,,,,,,,,,,,,,,,,,,,"-1,496",,,1213,,"36,164"
11/1/2020,154.2,17475563,20954200,-300543,0.07,0.01,68929.03,,,,,,,,,,,,,,,,,,,,,,,,,,,,,,,,"-1,346",,,1213,,"36,164"
12/1/2020,160.28,18164613,21031144,-301885,0.07,0.01,68256.72,,,,,,,,,,,,,,,,,,,,,,,,,,,,,,,,-442,,,1213,,"36,164"
